{
  "anchors_main": {
    "cam1": [
      0.13859275053304904,
      0.8081023454157783
    ],
    "cam2": [
      0.6844349680170576,
      0.7377398720682303
    ],
    "cam3": [
      0.8827292110874201,
      0.6268656716417911
    ],
    "cam4": [
      0.8805970149253731,
      0.4520255863539446
    ],
    "cam5": [
      0.47761194029850745,
      0.4989339019189765
    ],
    "cam6": [
      0.11940298507462686,
      0.5138592750533049
    ],
    "cam7": [
      0.11940298507462686,
      0.3411513859275053
    ],
    "cam8": [
      0.3837953091684435,
      0.279317697228145
    ],
    "cam9": [
      0.5543710021321961,
      0.16631130063965885
    ],
    "cam10": [
      0.8251599147121536,
      0.2622601279317697
    ]
  },
  "anchors_vents": {
    "cam11": [
      0.13219616204690832,
      0.08742004264392324
    ],
    "cam12": [
      0.2942430703624733,
      0.39232409381663114
    ],
    "cam13": [
      0.4946695095948827,
      0.5692963752665245
    ],
    "cam14": [
      0.7228144989339019,
      0.35181236673773986
    ],
    "cam15": [
      0.7803837953091685,
      0.7249466950959488
    ]
  },
  "button_scale_by_map": {
    "main": 1.0,
    "vents": 1.0
  },
  "button_scale_by_camera": {
    "cam1": 1.1600000000000001,
    "cam6": 1.1600000000000001,
    "cam7": 1.1600000000000001,
    "cam8": 1.1600000000000001,
    "cam10": 1.1600000000000001,
    "cam9": 1.1600000000000001,
    "cam5": 1.2400000000000002,
    "cam4": 1.1600000000000001,
    "cam3": 1.1600000000000001,
    "cam2": 1.1600000000000001,
    "cam11": 1.1600000000000001,
    "cam12": 1.1600000000000001,
    "cam14": 1.1600000000000001,
    "cam15": 1.1600000000000001,
    "cam13": 1.1600000000000001
  },
  "camera_triangle_by_id": {},
  "vent_block_size_by_edge": {
    "cam12->cam13": [
      42,
      10
    ],
    "cam11->cam12": [
      46,
      10
    ],
    "cam13->cam14": [
      46,
      10
    ],
    "cam14->cam15": [
      42,
      10
    ],
    "cam15->office_right": [
      46,
      10
    ]
  },
  "vent_closure_links_by_camera": {
    "cam11": [
      "cam11->cam12"
    ],
    "cam14": [
      "cam14->cam15"
    ],
    "cam15": []
  },
  "vent_closure_links_by_edge": {
    "cam11->cam12": [
      "cam1"
    ],
    "cam12->cam13": [
      "cam12",
      "cam7"
    ],
    "cam13->cam14": [
      "cam13",
      "cam5",
      "cam1"
    ],
    "cam14->cam15": [
      "office_left",
      "office_right"
    ],
    "cam15->office_right": [
      "office_right",
      "cam15",
      "cam2"
    ]
  },
  "main_edge_control_points": {
    "cam10->cam9": [
      0.67590618336887,
      0.18336886993603413
    ],
    "cam2->cam1": [
      0.4051172707889126,
      0.7249466950959488
    ]
  },
  "vent_edge_control_points": {},
  "line_waypoints_main": {
    "cam10->cam9": [
      [
        0.67590618336887,
        0.18336886993603413
      ]
    ],
    "cam2->cam1": [
      [
        0.4051172707889126,
        0.7249466950959488
      ]
    ]
  },
  "line_waypoints_vents": {},
  "vent_block_anchor_by_edge": {
    "cam11->cam12": [
      0.07036247334754797,
      0.23667377398720682
    ],
    "cam12->cam13": [
      0.14072494669509594,
      0.43283582089552236
    ],
    "cam13->cam14": [
      0.3646055437100213,
      0.5970149253731343
    ],
    "cam14->cam15": [
      0.8464818763326226,
      0.5181236673773987
    ],
    "cam15->office_right": [
      0.6460554371002132,
      0.7995735607675906
    ]
  },
  "vent_block_anchor_by_camera": {
    "cam11": [
      0.14,
      0.15
    ],
    "cam12": [
      0.34,
      0.42
    ],
    "cam13": [
      0.53,
      0.62
    ],
    "cam14": [
      0.75,
      0.4
    ],
    "cam15": [
      0.88,
      0.72
    ]
  },
  "camera_connections": {
    "cam10": [
      "cam9",
      "cam8",
      "cam14"
    ],
    "cam9": [
      "cam11"
    ],
    "cam7": [
      "cam6",
      "cam12"
    ],
    "cam6": [
      "cam7",
      "cam5"
    ],
    "cam8": [
      "cam5",
      "cam7",
      "cam6"
    ],
    "cam12": [
      "cam14"
    ],
    "cam14": [],
    "cam1": [
      "office_left"
    ],
    "cam5": [
      "cam8",
      "cam4",
      "cam3",
      "cam13"
    ],
    "cam4": [
      "cam5"
    ],
    "cam3": [
      "cam2",
      "cam4"
    ],
    "cam2": [
      "cam5",
      "cam1",
      "cam15"
    ]
  },
  "vent_connections": {
    "cam11": [],
    "cam12": [],
    "cam13": [],
    "cam14": []
  },
  "vent_closure_edge_ids": [
    "cam11->cam12",
    "cam12->cam13",
    "cam13->cam14",
    "cam14->cam15",
    "cam15->office_right"
  ],
  "office_targets": {
    "left": "cam1",
    "right": "cam14"
  }
}